date,city,aqi
2026-09-28,Lahore,320
2026-09-29,Lahore,380
2026-09-30,Lahore,420
2026-10-01,Lahore,350
2026-10-02,Lahore,290
2026-10-03,Lahore,240
2026-10-04,Lahore,387
2026-09-28,Karachi,180
2026-09-29,Karachi,200
2026-09-30,Karachi,210
2026-10-01,Karachi,190
2026-10-02,Karachi,175
2026-10-03,Karachi,160
2026-10-04,Karachi,185
2026-09-28,Islamabad,110
2026-09-29,Islamabad,125
2026-09-30,Islamabad,140
2026-10-01,Islamabad,120
2026-10-02,Islamabad,105
2026-10-03,Islamabad,95
2026-10-04,Islamabad,118
